<?xml version="1.0" encoding="UTF-8"?>
<ti:module xmlns:android="http://schemas.android.com/apk/res/android"
           xmlns:ti="http://ti.appcelerator.org">

    <android xmlns:amazon="http://schemas.amazon.com/apk/res/android"
             xmlns:android="http://schemas.android.com/apk/res/android">

        <manifest>
            <uses-permission android:name="android.permission.INTERNET"/>
            <uses-permission android:name="android.permission.ACCESS_NETWORK_STATE"/>
            <uses-permission android:name="android.permission.WAKE_LOCK"/>
            <uses-permission android:name="android.permission.VIBRATE"/>

            <permission android:name="${tiapp.properties['id']}.permission.UA_DATA"
                        android:protectionLevel="signature"/>
            <uses-permission android:name="${tiapp.properties['id']}.permission.UA_DATA"/>

            <!-- GCM -->
            <uses-permission android:name="com.google.android.c2dm.permission.RECEIVE"/>
            <permission android:name="${tiapp.properties['id']}.permission.C2D_MESSAGE"
                        android:protectionLevel="signature"/>
            <uses-permission android:name="${tiapp.properties['id']}.permission.C2D_MESSAGE"/>

            <!-- ADM -->
            <uses-permission android:name="com.amazon.device.messaging.permission.RECEIVE"/>
            <permission android:name="${tiapp.properties['id']}.permission.RECEIVE_ADM_MESSAGE"
                        android:protectionLevel="signature"/>
            <uses-permission android:name="${tiapp.properties['id']}.permission.RECEIVE_ADM_MESSAGE"/>

            <application>
 	            <!-- TiAutopilot -->
 	            <meta-data android:name="com.urbanairship.autopilot"
 	            	android:value="com.urbanairship.ti.TiAutopilot" />

                <!-- TiAirshipReceiver -->
                <receiver android:name="com.urbanairship.ti.TiAirshipReceiver"
                        android:exported="false">
                    <intent-filter>
                        <action android:name="com.urbanairship.push.CHANNEL_UPDATED" />
                        <action android:name="com.urbanairship.push.OPENED" />
                        <action android:name="com.urbanairship.push.DISMISSED" />
                        <action android:name="com.urbanairship.push.RECEIVED" />
                        <category android:name="${tiapp.properties['id']}" />
                    </intent-filter>
                </receiver>

                <!-- Google Play Services -->
                <meta-data android:name="com.google.android.gms.version"
                           android:value="11011000"/>

                <!-- ADM -->
                <amazon:enable-feature
                    android:name="com.amazon.device.messaging"
                    android:required="false"/>

                <activity android:name="com.urbanairship.util.HelperActivity"
                          android:theme="@android:style/Theme.Translucent.NoTitleBar"/>
                <activity android:name="com.urbanairship.CoreActivity"/>
                <activity android:name="com.urbanairship.google.PlayServicesErrorActivity"
                          android:theme="@android:style/Theme.Translucent.NoTitleBar"/>

                <activity android:name="com.urbanairship.messagecenter.MessageActivity"/>
                <activity android:name="com.urbanairship.messagecenter.MessageCenterActivity"
                          android:label="@string/ua_message_center_title"/>

                <activity
                    android:name="com.urbanairship.actions.LandingPageActivity"
                    android:exported="false"
                    android:theme="@style/LandingPageStyle">

                    <meta-data
                        android:name="com.urbanairship.action.LANDING_PAGE_VIEW"
                        android:resource="@layout/ua_activity_landing_page"/>

                    <meta-data
                        android:name="com.urbanairship.push.iam.EXCLUDE_FROM_AUTO_SHOW"
                        android:value="true"/>

                    <intent-filter>
                        <action
                            android:name="com.urbanairship.actions.SHOW_LANDING_PAGE_INTENT_ACTION"/>

                        <data android:scheme="http"/>
                        <data android:scheme="https"/>
                        <data android:scheme="message"/>

                        <category android:name="android.intent.category.DEFAULT"/>
                    </intent-filter>

                </activity>
				<activity
            		android:name="com.urbanairship.ChannelCaptureActivity"/>
        		
            		
                <service android:name="com.urbanairship.AirshipService"/>
                <service android:name="com.urbanairship.actions.ActionService"/>
                <service android:name="com.urbanairship.location.LocationService" android:label="Segments Service"/>
				<service android:name="com.urbanairship.push.PushService" />
				
				<service android:name="com.urbanairship.job.AirshipGcmTaskService"
                 		 android:exported="true"
                 		 android:permission="com.google.android.gms.permission.BIND_NETWORK_TASK_SERVICE">
            		<intent-filter>
                		<action android:name="com.google.android.gms.gcm.ACTION_TASK_READY" />
            		</intent-filter>
        		</service>
        		
        		<service android:name="com.urbanairship.job.AndroidJobService"
                 		 android:permission="android.permission.BIND_JOB_SERVICE" />
				
                <service
                    android:name="com.urbanairship.push.UAInstanceIDListenerService"
                    android:exported="false">
                    <intent-filter android:priority="-999">
                        <action android:name="com.google.android.gms.iid.InstanceID"/>
                    </intent-filter>
                </service>

                <receiver android:name="com.urbanairship.CoreReceiver"
                          android:exported="false">

                    <intent-filter android:priority="-999">
                        <action android:name="com.urbanairship.push.OPENED"/>
                        <category android:name="${tiapp.properties['id']}"/>
                    </intent-filter>
                </receiver>

                <receiver
                    android:name="com.urbanairship.push.GcmPushReceiver"
                    android:permission="com.google.android.c2dm.permission.SEND">

                    <intent-filter android:priority="-999">
                        <action android:name="com.google.android.c2dm.intent.RECEIVE"/>
                        <action android:name="com.google.android.c2dm.intent.REGISTRATION"/>
                        <category android:name="${tiapp.properties['id']}"/>
                    </intent-filter>
                </receiver>

                <receiver
                    android:name="com.urbanairship.push.AdmPushReceiver"
                    android:permission="com.amazon.device.messaging.permission.SEND">

                    <intent-filter>
                        <action android:name="com.amazon.device.messaging.intent.REGISTRATION"/>
                        <action android:name="com.amazon.device.messaging.intent.RECEIVE"/>
                        <category android:name="${tiapp.properties['id']}"/>
                    </intent-filter>
                </receiver>

                <provider
                    android:name="com.urbanairship.UrbanAirshipProvider"
                    android:authorities="${tiapp.properties['id']}.urbanairship.provider"
                    android:exported="true"
                    android:permission="${tiapp.properties['id']}.permission.UA_DATA"/>
            </application>
        </manifest>
    </android>
</ti:module>

